{"loss": 0.3084045946598053, "accuracy": 0.8866000175476074}