{
    "loss": 0.3170018792152405,
    "accuracy": 0.8824999928474426,
    "1.2.3": 0.99,
    "0.2": 0.99,
    "1\\.2\\.3": 0.98,
    "0\\.2": 0.98
}