{"loss": 0.306148886680603, "accuracy": 0.8888999819755554}