{"loss": 0.3170018792152405, "accuracy": 0.8824999928474426}