{"loss": 0.4814733862876892, "accuracy": 0.8309000134468079}