epoch,loss,accuracy
1,0.7473629117012024,0.7205666899681091
2,0.615904688835144,0.7684999704360962
3,0.5851600170135498,0.7818333506584167
