epoch,loss,accuracy
1,0.6688954830169678,0.7676500082015991
2,0.43866682052612305,0.8473833203315735
3,0.379416823387146,0.8673499822616577
