epoch,loss,accuracy
1,0.4847885072231293,0.8301666378974915
2,0.3581656515598297,0.8707000017166138
3,0.3226357400417328,0.8813499808311462
