epoch,loss,accuracy
1,0.6217219233512878,0.7882166504859924
2,0.4060966670513153,0.8591499924659729
3,0.35503464937210083,0.8762333393096924
