step	accuracy
0	0.8301666378974915
1	0.8707000017166138
2	0.8813499808311462
