step	accuracy
0	0.7205666899681091
1	0.7684999704360962
2	0.7818333506584167
