step	accuracy
0	0.7676500082015991
1	0.8473833203315735
2	0.8673499822616577
