step	accuracy
0	0.7882166504859924
1	0.8591499924659729
2	0.8762333393096924
